direction,destination,destination_code,origin,origin_code,coverage,data_type,both_1990,male_1990,female_1990,both_1995,male_1995,female_1995,both_2000,male_2000,female_2000,both_2005,male_2005,female_2005,both_2010,male_2010,female_2010,both_2015,male_2015,female_2015,both_2020,male_2020,female_2020,both_2024,male_2024,female_2024
poles_abroad,World,900,Poland,616,,,2317607,1028400,1289207,2546193,1119311,1426882,2502866,1088739,1414127,2798776,1233639,1565137,3673715,1649559,2024156,4154666,1899544,2255122,4365879,2050156,2315723,4572613,2171567,2401046
poles_abroad,Sub-Saharan Africa,1834,Poland,616,,,5806,3008,2798,5358,2770,2588,4392,2184,2208,4643,2275,2368,5411,2631,2780,3696,1754,1942,2142,975,1167,2093,928,1165
poles_abroad,Northern Africa and Western Asia,1833,Poland,616,,,118161,54770,63391,107804,48697,59107,87476,38967,48509,69512,30704,38808,54708,23862,30846,56795,24584,32211,63141,26950,36191,66452,28068,38384
poles_abroad,Central and Southern Asia,1831,Poland,616,,,8115,3033,5082,7339,2825,4514,6383,2555,3828,5470,2214,3256,4502,1819,2683,3997,1602,2395,3846,1525,2321,3726,1470,2256
poles_abroad,Eastern and South-Eastern Asia,1832,Poland,616,,,734,376,358,1017,509,508,1277,637,640,1500,757,743,1757,895,862,2571,1347,1224,2602,1265,1337,2567,1210,1357
poles_abroad,Latin America and the Caribbean,1830,Poland,616,,,52445,24988,27457,38216,16934,21282,28393,11983,16410,20760,8633,12127,15222,6363,8859,10370,4317,6053,7843,3282,4561,8828,3566,5262
poles_abroad,Australia/New Zealand,1836,Poland,616,,,69806,35901,33905,73773,36410,37363,68826,32774,36052,65298,30024,35274,60865,26924,33941,56686,24533,32153,53286,22718,30568,48456,19736,28720
poles_abroad,Europe and Northern America,1829,Poland,616,,,2062540,906324,1156216,2312686,1011166,1301520,2306119,999639,1306480,2631593,1159032,1472561,3531250,1587065,1944185,4020551,1841407,2179144,4233019,1993441,2239578,4440491,2116589,2323902
poles_abroad,More developed regions,901,Poland,616,,,2132686,942376,1190310,2387011,1047818,1339193,2375668,1032731,1342937,2697731,1189430,1508301,3593084,1614421,1978663,4079031,1866853,2212178,4288171,2017048,2271123,4490703,2137151,2353552
poles_abroad,Less developed regions,902,Poland,616,,,184921,86024,98897,159182,71493,87689,127198,56008,71190,101045,44209,56836,80631,35138,45493,75635,32691,42944,77708,33108,44600,81910,34416,47494
poles_abroad,Least developed countries,941,Poland,616,,,,,,,,,,,,,,,,,,1,,1,,,,,,
poles_abroad,"Less developed regions, excluding least developed countries",934,Poland,616,,,184921,86024,98897,159182,71493,87689,127198,56008,71190,101045,44209,56836,80631,35138,45493,75634,32691,42943,77708,33108,44600,81910,34416,47494
poles_abroad,"Less developed regions, excluding China",948,Poland,616,,,184532,85802,98730,158721,71229,87492,126649,55692,70957,100392,43831,56561,79854,34683,45171,74871,32266,42605,76984,32741,44243,81112,34042,47070
poles_abroad,Land-locked Developing Countries (LLDC),1636,Poland,616,,,9581,3739,5842,8858,3579,5279,7957,3352,4605,6937,2964,3973,5862,2518,3344,5313,2280,3033,5189,2224,2965,5211,2242,2969
poles_abroad,Small Island Developing States (SIDS),1637,Poland,616,,,759,183,576,762,151,611,768,123,645,454,93,361,151,66,85,139,69,70,122,60,62,124,61,63
poles_abroad,High-and-upper-middle-income countries,5503,Poland,616,,,2305612,1023651,1281961,2534913,1114691,1420222,2492358,1084281,1408077,2789045,1229502,1559543,3664647,1645722,2018925,4147148,1896359,2250789,4356457,2046293,2310164,4563217,2167803,2395414
poles_abroad,Low-and-Lower-middle-income countries,5504,Poland,616,,,11192,4396,6796,10487,4271,6216,9729,4115,5614,8912,3775,5137,8198,3452,4746,6607,2789,3818,8564,3497,5067,8577,3415,5162
poles_abroad,High-income countries,1503,Poland,616,,,2213124,979421,1233703,2457467,1078753,1378714,2424404,1053356,1371048,2730349,1202815,1527534,3613141,1622243,1990898,4110328,1879739,2230589,4329619,2034333,2295286,4540013,2157739,2382274
poles_abroad,Low-and-middle-income countries,1859,Poland,616,,,103680,48626,55054,87933,40209,47724,77683,35040,42643,67608,30462,37146,59704,26931,32773,43427,19409,24018,35402,15457,19945,31781,13479,18302
poles_abroad,Middle-income countries,1517,Poland,616,,,103680,48626,55054,87933,40209,47724,77683,35040,42643,67608,30462,37146,59704,26931,32773,43427,19409,24018,35402,15457,19945,31781,13479,18302
poles_abroad,Upper-middle-income countries,1502,Poland,616,,,92488,44230,48258,77446,35938,41508,67954,30925,37029,58696,26687,32009,51506,23479,28027,36820,16620,20200,26838,11960,14878,23204,10064,13140
poles_abroad,Lower-middle-income countries,1501,Poland,616,,,11192,4396,6796,10487,4271,6216,9729,4115,5614,8912,3775,5137,8198,3452,4746,6607,2789,3818,8564,3497,5067,8577,3415,5162
poles_abroad,No income group available,1518,Poland,616,,,803,353,450,793,349,444,779,343,436,819,362,457,870,385,485,911,396,515,858,366,492,819,349,470
poles_abroad,AFRICA,903,Poland,616,,,7219,3828,3391,6563,3393,3170,5478,2654,2824,6073,2940,3133,7224,3433,3791,4372,2073,2299,4833,2024,2809,4827,1903,2924
poles_abroad,Northern Africa,912,Poland,616,,,1413,820,593,1205,623,582,1086,470,616,1430,665,765,1813,802,1011,676,319,357,2691,1049,1642,2734,975,1759
poles_abroad,Egypt,818,Poland,616,,B R,250,142,108,381,202,179,587,291,296,879,405,474,1208,514,694,,,,1968,699,1269,1970,605,1365
poles_abroad,Libya,434,Poland,616,,C R,1163,678,485,824,421,403,499,179,320,551,260,291,605,288,317,676,319,357,723,350,373,764,370,394
poles_abroad,Southern Africa,913,Poland,616,,,5772,2992,2780,5324,2752,2572,4354,2166,2188,4590,2248,2342,5372,2613,2759,3648,1732,1916,2090,950,1140,2035,900,1135
poles_abroad,Namibia,516,Poland,616,,B R,249,85,164,238,83,155,222,77,145,175,60,115,168,58,110,164,57,107,175,61,114,186,65,121
poles_abroad,South Africa,710,Poland,616,,B R,5523,2907,2616,5086,2669,2417,4132,2089,2043,4415,2188,2227,5204,2555,2649,3484,1675,1809,1915,889,1026,1849,835,1014
poles_abroad,Western Africa,914,Poland,616,,,34,16,18,34,18,16,38,18,20,53,27,26,39,18,21,48,22,26,52,25,27,58,28,30
poles_abroad,Ghana,288,Poland,616,,B R,34,16,18,34,18,16,38,18,20,53,27,26,39,18,21,47,22,25,52,25,27,58,28,30
poles_abroad,Guinea,324,Poland,616,,C B R,,,,,,,,,,,,,,,,1,,1,,,,,,
poles_abroad,ASIA,935,Poland,616,,,125597,57359,68238,114955,51408,63547,94050,41689,52361,75052,33010,42042,59154,25774,33380,62687,27214,35473,66898,28691,38207,70011,29773,40238
poles_abroad,Central Asia,5500,Poland,616,,,8115,3033,5082,7339,2825,4514,6383,2555,3828,5470,2214,3256,4502,1819,2683,3997,1602,2395,3846,1525,2321,3726,1470,2256
poles_abroad,Kazakhstan,398,Poland,616,,B R,1123,483,640,1050,459,591,974,448,526,892,441,451,817,411,406,748,371,377,685,326,359,631,296,335
poles_abroad,Kyrgyzstan,417,Poland,616,,B R,6934,2524,4410,6242,2344,3898,5368,2087,3281,4539,1754,2785,3647,1389,2258,3212,1212,2000,3126,1180,1946,3060,1155,1905
poles_abroad,Tajikistan,762,Poland,616,,B R,58,26,32,47,22,25,41,20,21,39,19,20,38,19,19,37,19,18,35,19,16,35,19,16
poles_abroad,Eastern Asia,906,Poland,616,,,734,376,358,1017,509,508,1277,637,640,1500,757,743,1757,895,862,2571,1347,1224,2602,1265,1337,2567,1210,1357
poles_abroad,China,156,Poland,616,5,C R,389,222,167,461,264,197,549,316,233,653,378,275,777,455,322,764,425,339,724,367,357,798,374,424
poles_abroad,Japan,392,Poland,616,,C,340,151,189,552,242,310,723,318,405,840,374,466,969,432,537,1794,913,881,1866,889,977,1756,826,930
poles_abroad,Mongolia,496,Poland,616,,C R,5,3,2,4,3,1,5,3,2,7,5,2,11,8,3,13,9,4,12,9,3,13,10,3
poles_abroad,Western Asia,922,Poland,616,,,116748,53950,62798,106599,48074,58525,86390,38497,47893,68082,30039,38043,52895,23060,29835,56119,24265,31854,60450,25901,34549,63718,27093,36625
poles_abroad,Cyprus,196,Poland,616,,B,176,49,127,249,62,187,322,75,247,484,107,377,742,173,569,680,164,516,701,172,529,744,183,561
poles_abroad,Georgia,268,Poland,616,,B R,3794,1465,2329,350,98,252,175,49,126,166,47,119,167,47,120,175,50,125,180,52,128,185,53,132
poles_abroad,Israel,376,Poland,616,,B R,112778,52436,60342,106000,47914,58086,85893,38373,47520,67432,29885,37547,51986,22840,29146,55264,24051,31213,59569,25677,33892,62789,26857,35932
poles_abroad,EUROPE,908,Poland,616,,,1468264,630273,837991,1564708,666775,897933,1663678,706432,957246,2003964,868363,1135601,2904458,1305713,1598745,3429869,1579415,1850454,3674237,1745406,1928831,3919956,1886747,2033209
poles_abroad,Eastern Europe,923,Poland,616,,,64998,26425,38573,68083,27603,40480,70713,28468,42245,70172,29308,40864,69338,29507,39831,59043,25146,33897,51799,21846,29953,46775,19388,27387
poles_abroad,Belarus,112,Poland,616,,B,235,133,102,365,180,185,495,228,267,476,219,257,456,210,246,478,221,257,470,218,252,465,215,250
poles_abroad,Bulgaria,100,Poland,616,,B,423,128,295,558,168,390,693,208,485,895,267,628,1085,331,754,1444,437,1007,1946,683,1263,2676,939,1737
poles_abroad,Czechia,203,Poland,616,,B R,23358,6787,16571,23991,6971,17020,24631,7151,17480,25247,8785,16462,25901,9929,15972,23466,8981,14485,20835,7731,13104,18652,6786,11866
poles_abroad,Hungary,348,Poland,616,,B,3647,1620,2027,3200,1265,1935,2752,909,1843,3378,1151,2227,4033,1409,2624,3018,1032,1986,3383,1245,2138,3991,1469,2522
immigrants_into_poland,Poland,616,World,900,,B R,1127393,466953,660440,963028,393886,569142,822627,334462,488165,724887,294950,429937,649114,265808,383306,683663,288687,394976,738099,334071,404028,1739901,705193,1034708
immigrants_into_poland,Poland,616,Sub-Saharan Africa,1834,,B R,208,128,80,286,178,108,395,251,144,603,432,171,1002,808,194,1275,1007,268,1557,1150,407,1685,1144,541
immigrants_into_poland,Poland,616,Northern Africa and Western Asia,1833,,B R,2675,1857,818,3331,2293,1038,4226,2886,1340,5830,4060,1770,9096,6564,2532,11073,7891,3182,13372,9184,4188,15503,10145,5358
immigrants_into_poland,Poland,616,Central and Southern Asia,1831,,B R,2319,1072,1247,2941,1363,1578,3739,1743,1996,5015,2380,2635,7133,3519,3614,8607,4227,4380,10164,4950,5214,11266,5654,5612
immigrants_into_poland,Poland,616,Eastern and South-Eastern Asia,1832,,B R,1633,908,725,1961,1091,870,2359,1313,1046,3745,2089,1656,6870,3874,2996,6269,3418,2851,5234,2739,2495,5092,2607,2485
immigrants_into_poland,Poland,616,Latin America and the Caribbean,1830,,B R,370,198,172,472,247,225,614,316,298,833,462,371,1166,726,440,1428,881,547,1750,1045,705,1972,1155,817
immigrants_into_poland,Poland,616,Australia/New Zealand,1836,,B R,304,155,149,408,207,201,549,279,270,670,369,301,785,481,304,1153,664,489,1764,923,841,2079,1013,1066
immigrants_into_poland,Poland,616,Europe and Northern America,1829,,B R,1022799,406532,616267,884662,352915,531747,773382,309922,463460,680530,268276,412254,612323,242746,369577,603582,251119,352463,685138,304978,380160,1691936,677760,1014176
immigrants_into_poland,Poland,616,More developed regions,901,,B R,1023213,406740,616473,885214,353191,532023,774122,310293,463829,681540,268801,412739,613807,243536,370271,605424,252091,353333,687509,306186,381323,1694688,679102,1015586
immigrants_into_poland,Poland,616,Less developed regions,902,,B R,7095,4110,2985,8847,5103,3744,11142,6417,4725,15686,9267,6419,24568,15182,9386,27963,17116,10847,31470,18783,12687,34845,20376,14469
immigrants_into_poland,Poland,616,"Less developed regions, excluding least developed countries",934,,B R,7095,4110,2985,8847,5103,3744,11142,6417,4725,15686,9267,6419,24568,15182,9386,27963,17116,10847,31470,18783,12687,34845,20376,14469
immigrants_into_poland,Poland,616,"Less developed regions, excluding China",948,,B R,6681,3921,2760,8368,4884,3484,10589,6165,4424,14707,8791,5916,22445,14059,8386,26336,16286,10050,30401,18268,12133,34142,20049,14093
immigrants_into_poland,Poland,616,Land-locked Developing Countries (LLDC),1636,,B R,2934,1347,1587,3770,1734,2036,4881,2253,2628,6757,3186,3571,9991,4883,5108,11748,5659,6089,13501,6400,7101,14980,7191,7789
immigrants_into_poland,Poland,616,Small Island Developing States (SIDS),1637,,B R,145,95,50,159,104,55,176,116,60,208,139,69,254,173,81,261,173,88,262,168,94,259,163,96
immigrants_into_poland,Poland,616,High-and-upper-middle-income countries,5503,,B R,588014,237279,350735,511837,208016,303821,454541,186323,268218,411600,169587,242013,389805,165412,224393,415003,185596,229407,525984,247291,278693,611915,296467,315448
immigrants_into_poland,Poland,616,Low-and-Lower-middle-income countries,5504,,B R,442294,173571,268723,382224,150278,231946,330723,130387,200336,285626,108481,177145,248570,93306,155264,218384,83611,134773,192995,77678,115317,1117618,403011,714607
immigrants_into_poland,Poland,616,High-income countries,1503,,B R,337707,140442,197265,299477,125243,174234,272649,114796,157853,248180,106752,141428,237332,106631,130701,284119,133919,150200,412595,200502,212093,514101,254175,259926
immigrants_into_poland,Poland,616,Low-and-middle-income countries,1859,,B R,692601,270408,422193,594584,233051,361533,512615,201914,310701,449046,171316,277730,401043,152087,248956,349268,135288,213980,306384,124467,181917,1215432,445303,770129
immigrants_into_poland,Poland,616,Middle-income countries,1517,,B R,692233,270091,422142,594148,232676,361472,512098,201469,310629,448432,170789,277643,400315,151464,248851,348387,134560,213827,305314,123627,181687,1214290,444443,769847
immigrants_into_poland,Poland,616,Upper-middle-income countries,1502,,B R,250307,96837,153470,212360,82773,129587,181892,71527,110365,163420,62835,100585,152473,58781,93692,130884,51677,79207,113389,46789,66600,97814,42292,55522
immigrants_into_poland,Poland,616,Lower-middle-income countries,1501,,B R,441926,173254,268672,381788,149903,231885,330206,129942,200264,285012,107954,177058,247842,92683,155159,217503,82883,134620,191925,76838,115087,1116476,402151,714325
immigrants_into_poland,Poland,616,Low-income countries,1500,,B R,368,317,51,436,375,61,517,445,72,614,527,87,728,623,105,881,728,153,1070,840,230,1142,860,282
immigrants_into_poland,Poland,616,AFRICA,903,,B R,947,635,312,1184,800,384,1512,1031,481,2111,1576,535,3335,2761,574,4507,3618,889,6122,4512,1610,7546,5020,2526
immigrants_into_poland,Poland,616,Northern Africa,912,,B R,739,507,232,898,622,276,1117,780,337,1508,1144,364,2333,1953,380,3232,2611,621,4565,3362,1203,5861,3876,1985
immigrants_into_poland,Poland,616,Algeria,12,,B R,313,231,82,365,270,95,426,315,111,501,393,108,590,497,93,685,575,110,793,658,135,826,681,145
immigrants_into_poland,Poland,616,Egypt,818,,B R,61,44,17,99,71,28,160,114,46,299,229,70,594,492,102,1112,842,270,2059,1319,740,3184,1716,1468
immigrants_into_poland,Poland,616,Libya,434,,B R,258,153,105,278,165,113,301,179,122,282,177,105,249,168,81,306,200,106,401,248,153,398,237,161
immigrants_into_poland,Poland,616,Morocco,504,,B R,70,50,20,96,69,27,132,95,37,217,169,48,388,330,58,446,378,68,479,401,78,555,461,94
immigrants_into_poland,Poland,616,Tunisia,788,,B R,37,29,8,60,47,13,98,77,21,209,176,33,512,466,46,683,616,67,833,736,97,898,781,117
immigrants_into_poland,Poland,616,Southern Africa,913,,B R,140,71,69,182,91,91,238,120,118,311,163,148,407,228,179,529,296,233,689,382,307,783,437,346
immigrants_into_poland,Poland,616,South Africa,710,,B R,140,71,69,182,91,91,238,120,118,311,163,148,407,228,179,529,296,233,689,382,307,783,437,346
immigrants_into_poland,Poland,616,Western Africa,914,,B R,68,57,11,104,87,17,157,131,26,292,269,23,595,580,15,746,711,35,868,768,100,902,707,195
immigrants_into_poland,Poland,616,Nigeria,566,,B R,68,57,11,104,87,17,157,131,26,292,269,23,595,580,15,746,711,35,868,768,100,902,707,195
immigrants_into_poland,Poland,616,ASIA,935,,B R,5888,3330,2558,7335,4125,3210,9207,5162,4045,13082,7385,5697,20766,12004,8762,22717,12925,9792,24205,13511,10694,26000,14530,11470
immigrants_into_poland,Poland,616,Central Asia,5500,,B R,2145,949,1196,2694,1190,1504,3387,1496,1891,4340,1906,2434,5616,2451,3165,6936,3021,3915,8513,3728,4785,9271,4139,5132
immigrants_into_poland,Poland,616,Kazakhstan,398,,B R,1967,886,1081,2459,1107,1352,3075,1385,1690,3911,1759,2152,5014,2246,2768,6168,2745,3423,7548,3323,4225,8163,3623,4540
immigrants_into_poland,Poland,616,Uzbekistan,860,,B R,178,63,115,235,83,152,312,111,201,429,147,282,602,205,397,768,276,492,965,405,560,1108,516,592
immigrants_into_poland,Poland,616,Eastern Asia,906,,B R,615,283,332,737,339,398,886,408,478,1551,728,823,3250,1594,1656,2730,1289,1441,2038,929,1109,1762,794,968
immigrants_into_poland,Poland,616,China,156,,B R,414,189,225,479,219,260,553,252,301,979,476,503,2123,1123,1000,1627,830,797,1069,515,554,703,327,376
immigrants_into_poland,Poland,616,Japan,392,,B R,110,53,57,144,69,75,191,92,99,340,156,184,699,309,390,689,308,381,607,285,322,673,329,344
immigrants_into_poland,Poland,616,Mongolia,496,,B R,91,41,50,114,51,63,142,64,78,232,96,136,428,162,266,414,151,263,362,129,233,386,138,248
immigrants_into_poland,Poland,616,Southern Asia,5501,,B R,174,123,51,247,173,74,352,247,105,675,474,201,1517,1068,449,1671,1206,465,1651,1222,429,1995,1515,480
immigrants_into_poland,Poland,616,India,356,,B R,100,69,31,152,104,48,231,159,72,488,337,151,1202,833,369,1334,962,372,1313,987,326,1624,1265,359
immigrants_into_poland,Poland,616,Iran (Islamic Republic of),364,,B R,74,54,20,95,69,26,121,88,33,187,137,50,315,235,80,337,244,93,338,235,103,371,250,121
immigrants_into_poland,Poland,616,South-Eastern Asia,920,,B R,1018,625,393,1224,752,472,1473,905,568,2194,1361,833,3620,2280,1340,3539,2129,1410,3196,1810,1386,3330,1813,1517
immigrants_into_poland,Poland,616,Viet Nam,704,,B R,1018,625,393,1224,752,472,1473,905,568,2194,1361,833,3620,2280,1340,3539,2129,1410,3196,1810,1386,3330,1813,1517
immigrants_into_poland,Poland,616,Western Asia,922,,B R,1936,1350,586,2433,1671,762,3109,2106,1003,4322,2916,1406,6763,4611,2152,7841,5280,2561,8807,5822,2985,9642,6269,3373
immigrants_into_poland,Poland,616,Armenia,51,,B R,245,140,105,396,226,170,641,367,274,1252,730,522,2686,1610,1076,2833,1658,1175,2685,1521,1164,3117,1739,1378
immigrants_into_poland,Poland,616,Azerbaijan,31,,B R,153,66,87,189,82,107,233,101,132,276,135,141,322,184,138,412,231,181,536,287,249,586,305,281
immigrants_into_poland,Poland,616,Georgia,268,,B R,196,90,106,242,111,131,298,137,161,368,170,198,454,211,243,650,334,316,956,545,411,1197,743,454
immigrants_into_poland,Poland,616,Iraq,368,,B R,283,244,39,325,280,45,374,323,51,439,362,77,520,392,128,587,441,146,657,500,157,675,523,152
immigrants_into_poland,Poland,616,Israel,376,,B R,274,189,85,317,218,99,367,253,114,367,250,117,343,230,113,456,291,165,647,390,257,681,396,285
immigrants_into_poland,Poland,616,Lebanon,422,,B R,248,198,50,280,224,56,316,253,63,341,280,61,360,306,54,423,346,77,508,391,117,518,378,140
immigrants_into_poland,Poland,616,Syrian Arab Republic,760,,B R,368,317,51,436,375,61,517,445,72,614,527,87,728,623,105,881,728,153,1070,840,230,1142,860,282
immigrants_into_poland,Poland,616,Türkiye,792,,B R,169,106,63,248,155,93,363,227,136,665,462,203,1350,1055,295,1599,1251,348,1748,1348,400,1726,1325,401
immigrants_into_poland,Poland,616,EUROPE,908,,B R,1017015,404086,612929,877200,349781,527419,763717,305887,457830,669168,263067,406101,599544,236099,363445,584500,241247,343253,655139,289844,365295,1655869,659711,996158
immigrants_into_poland,Poland,616,Eastern Europe,923,,B R,693604,269180,424424,593837,230884,362953,509565,198493,311072,440716,165108,275608,382833,139871,242962,328798,121646,207152,283727,109666,174061,1189243,428834,760409
immigrants_into_poland,Poland,616,Belarus,112,,B R,139220,55758,83462,123303,49384,73919,109205,43738,65467,97118,37165,59953,86532,32053,54479,76339,28503,47836,67289,26145,41144,56258,22775,33483
immigrants_into_poland,Poland,616,Bulgaria,100,,B R,1055,602,453,1290,739,551,1577,906,671,2013,1145,868,2649,1479,1170,2677,1464,1213,2598,1389,1209,2585,1376,1209
immigrants_into_poland,Poland,616,Czechia,203,,B R,6718,2701,4017,6508,2616,3892,6305,2535,3770,5803,2502,3301,5210,2369,2841,5305,2410,2895,5507,2455,3052,5227,2339,2888
immigrants_into_poland,Poland,616,Hungary,348,,B R,1859,751,1108,1622,661,961,1415,584,831,1345,586,759,1346,651,695,1548,750,798,1830,878,952,1818,880,938
immigrants_into_poland,Poland,616,Republic of Moldova*,498,,B R,146,52,94,204,73,131,285,101,184,417,167,250,625,281,344,835,393,442,1096,527,569,1312,653,659
immigrants_into_poland,Poland,616,Romania,642,,B R,4719,1972,2747,4083,1695,2388,3533,1464,2069,3174,1321,1853,2918,1237,1681,2329,1030,1299,1816,866,950,1449,736,713
immigrants_into_poland,Poland,616,Russian Federation,643,,B R,98934,35032,63902,76486,27084,49402,59131,20938,38193,49654,17169,32485,43255,14722,28533,30954,10603,20351,21433,7539,13894,15923,5796,10127
immigrants_into_poland,Poland,616,Slovakia,703,,B R,1285,519,766,1377,556,821,1476,597,879,1569,693,876,1662,782,880,1795,840,955,1947,868,1079,1897,834,1063
immigrants_into_poland,Poland,616,Ukraine*,804,,B R,439668,171793,267875,378964,148076,230888,326638,127630,199008,279623,104360,175263,238636,86297,152339,207016,75653,131363,180211,68999,111212,1102774,393445,709329
immigrants_into_poland,Poland,616,Northern Europe,924,,B R,158841,62667,96174,121889,48250,73639,94308,37550,56758,80589,31874,48715,82044,33919,48125,102535,46890,55645,182832,89624,93208,269022,134736,134286
immigrants_into_poland,Poland,616,Denmark*,208,,B R,290,116,174,425,170,255,622,249,373,746,343,403,821,450,371,1447,790,657,2780,1475,1305,3551,1865,1686
immigrants_into_poland,Poland,616,Finland*,246,,B R,96,43,53,129,57,72,173,77,96,215,90,125,258,105,153,372,154,218,555,251,304,652,314,338
immigrants_into_poland,Poland,616,Iceland,352,,B R,10,7,3,16,11,5,26,17,9,71,44,27,246,140,106,634,342,292,1563,800,763,2546,1264,1282
immigrants_into_poland,Poland,616,Ireland,372,,B R,,,,,,,,,,794,526,268,3850,2164,1686,10185,5450,4735,21601,11231,10370,34300,17656,16644
immigrants_into_poland,Poland,616,Latvia,428,,B R,2875,1113,1762,2585,1001,1584,2324,900,1424,2060,780,1280,1814,673,1141,1653,613,1040,1516,563,953,1286,486,800
immigrants_into_poland,Poland,616,Lithuania,440,,B R,153456,60295,93161,116110,45622,70488,87851,34518,53333,70221,26512,43709,57527,20754,36773,41340,14464,26876,29081,9973,19108,21305,7308,13997
immigrants_into_poland,Poland,616,Norway*,578,,B R,93,50,43,150,80,70,242,129,113,475,248,227,1006,503,503,2800,1421,1379,8212,4266,3946,13563,7270,6293
immigrants_into_poland,Poland,616,Sweden,752,,B R,228,115,113,368,185,183,595,298,297,811,463,348,1024,682,342,2112,1278,834,4756,2448,2308,6855,3074,3781
immigrants_into_poland,Poland,616,United Kingdom*,826,,B R,1793,928,865,2106,1124,982,2475,1362,1113,5196,2868,2328,15498,8448,7050,41992,22378,19614,112768,58617,54151,184964,95499,89465
immigrants_into_poland,Poland,616,Southern Europe,925,,B R,11254,5608,5646,11714,5914,5800,12956,6620,6336,15472,8050,7422,19608,10619,8989,25741,13970,11771,36641,19340,17301,45782,23657,22125
immigrants_into_poland,Poland,616,Bosnia and Herzegovina,70,,B R,4824,2085,2739,4056,1753,2303,3411,1474,1937,3420,1397,2023,3705,1448,2257,2645,1037,1608,1757,711,1046,1381,579,802
immigrants_into_poland,Poland,616,Croatia,191,,B R,819,363,456,813,361,452,807,358,449,801,393,408,796,446,350,647,360,287,507,275,232,418,225,193
immigrants_into_poland,Poland,616,Greece,300,,B R,1746,1008,738,2140,1235,905,2623,1514,1109,2832,1613,1219,2895,1616,1279,3989,2165,1824,5816,3064,2752,6389,3327,3062
immigrants_into_poland,Poland,616,Italy,380,,B R,1597,810,787,2413,1223,1190,3647,1849,1798,5329,2893,2436,7667,4558,3109,11962,6806,5156,18946,10064,8882,24380,12378,12002
immigrants_into_poland,Poland,616,North Macedonia,807,,B R,154,99,55,173,112,61,193,124,69,240,152,88,314,195,119,318,205,113,309,208,101,308,217,91
immigrants_into_poland,Poland,616,Serbia*,688,,B R,1779,1066,713,1578,945,633,1400,839,561,1242,744,498,1102,660,442,977,605,372,868,556,312,727,482,245
immigrants_into_poland,Poland,616,Spain*,724,,B R,335,177,158,541,285,256,875,462,413,1608,858,750,3129,1696,1433,5203,2792,2411,8438,4462,3976,12179,6449,5730
immigrants_into_poland,Poland,616,Western Europe,926,,B R,153316,66631,86685,149760,64733,85027,146888,63224,83664,132391,58035,74356,115059,51690,63369,127426,58741,68685,151939,71214,80725,151822,72484,79338
immigrants_into_poland,Poland,616,Austria,40,,B R,3125,1484,1641,3606,1712,1894,4162,1976,2186,4019,1929,2090,3585,1739,1846,4889,2382,2507,7205,3518,3687,7579,3760,3819
immigrants_into_poland,Poland,616,Belgium,56,,B R,1163,550,613,1696,802,894,2472,1169,1303,3014,1499,1515,3397,1812,1585,5848,3066,2782,10879,5532,5347,13815,6946,6869
immigrants_into_poland,Poland,616,France*,250,,B R,41126,19099,22027,38257,17401,20856,35589,15849,19740,31606,13738,17868,27241,11524,15717,26453,11413,15040,26167,11594,14573,22881,10511,12370
immigrants_into_poland,Poland,616,Germany,276,,B R,107189,45131,62058,105226,44305,60921,103298,43493,59805,91731,39703,52028,77724,34654,43070,83998,38159,45839,94492,43429,51063,86793,40919,45874
immigrants_into_poland,Poland,616,Luxembourg,442,,B R,60,26,34,81,35,46,110,48,62,150,59,91,205,77,128,264,105,159,338,162,176,388,210,178
immigrants_into_poland,Poland,616,Netherlands*,528,,B R,298,180,118,482,291,191,779,471,308,1317,837,480,2266,1540,726,4740,2964,1776,10264,5652,4612,16195,8033,8162
immigrants_into_poland,Poland,616,Switzerland,756,,B R,355,161,194,412,187,225,478,218,260,554,270,284,641,344,297,1234,652,582,2594,1327,1267,4171,2105,2066
immigrants_into_poland,Poland,616,LATIN AMERICA AND THE CARIBBEAN,904,,B R,370,198,172,472,247,225,614,316,298,833,462,371,1166,726,440,1428,881,547,1750,1045,705,1972,1155,817
immigrants_into_poland,Poland,616,Caribbean,915,,B R,145,95,50,159,104,55,176,116,60,208,139,69,254,173,81,261,173,88,262,168,94,259,163,96
immigrants_into_poland,Poland,616,Cuba,192,,B R,145,95,50,159,104,55,176,116,60,208,139,69,254,173,81,261,173,88,262,168,94,259,163,96
immigrants_into_poland,Poland,616,Central America,916,,B R,43,21,22,64,32,32,96,48,48,159,88,71,279,178,101,377,236,141,491,293,198,557,323,234
immigrants_into_poland,Poland,616,Mexico,484,,B R,43,21,22,64,32,32,96,48,48,159,88,71,279,178,101,377,236,141,491,293,198,557,323,234
immigrants_into_poland,Poland,616,South America,931,,B R,182,82,100,249,111,138,342,152,190,466,235,231,633,375,258,790,472,318,997,584,413,1156,669,487
immigrants_into_poland,Poland,616,Argentina,32,,B R,85,45,40,115,60,55,156,81,75,213,117,96,291,170,121,308,186,122,313,195,118,323,207,116
immigrants_into_poland,Poland,616,Brazil,76,,B R,97,37,60,134,51,83,186,71,115,253,118,135,342,205,137,482,286,196,684,389,295,833,462,371
immigrants_into_poland,Poland,616,NORTHERN AMERICA,905,,B R,5784,2446,3338,7462,3134,4328,9665,4035,5630,11362,5209,6153,12779,6647,6132,19082,9872,9210,29999,15134,14865,36067,18049,18018
immigrants_into_poland,Poland,616,Canada,124,,B R,1169,597,572,1318,673,645,1485,758,727,1674,896,778,1883,1074,809,2903,1571,1332,4725,2371,2354,6421,3063,3358
immigrants_into_poland,Poland,616,United States of America*,840,,B R,4615,1849,2766,6144,2461,3683,8180,3277,4903,9688,4313,5375,10896,5573,5323,16179,8301,7878,25274,12763,12511,29646,14986,14660
immigrants_into_poland,Poland,616,OCEANIA,909,,B R,304,155,149,408,207,201,549,279,270,670,369,301,785,481,304,1153,664,489,1764,923,841,2079,1013,1066
immigrants_into_poland,Poland,616,Australia/New Zealand,927,,B R,304,155,149,408,207,201,549,279,270,670,369,301,785,481,304,1153,664,489,1764,923,841,2079,1013,1066
immigrants_into_poland,Poland,616,Australia*,36,,B R,304,155,149,408,207,201,549,279,270,670,369,301,785,481,304,1153,664,489,1764,923,841,2079,1013,1066
immigrants_into_poland,Poland,616,Others,2003,,B R,97085,56103,40982,68967,35592,33375,37363,17752,19611,27661,16882,10779,10739,7090,3649,50276,19480,30796,19120,9102,10018,10368,5715,4653
poles_abroad,Republic of Moldova*,498,Poland,616,,B R,471,201,270,397,175,222,325,148,177,252,118,134,175,84,91,112,55,57,46,22,24,96,46,50
poles_abroad,Romania,642,Poland,616,,B R,606,244,362,526,216,310,454,190,264,384,164,220,309,134,175,235,104,131,161,73,88,102,47,55
poles_abroad,Russian Federation,643,Poland,616,,B R,31333,15375,15958,32973,16123,16850,33418,16292,17126,31362,15137,16225,28747,13721,15026,20491,9780,10711,14463,6903,7560,9615,4589,5026
poles_abroad,Slovakia,703,Poland,616,,B,1207,360,847,2476,920,1556,4425,1731,2694,4962,1992,2970,5564,2279,3285,6721,3119,3602,7367,3530,3837,8008,3837,4171
poles_abroad,Ukraine*,804,Poland,616,,B,3718,1577,2141,3597,1585,2012,3520,1611,1909,3216,1475,1741,3068,1410,1658,3078,1417,1661,3128,1441,1687,3170,1460,1710
poles_abroad,Northern Europe,924,Poland,616,,,160022,73414,86608,146015,63688,82327,128305,53587,74718,284726,136034,148692,827738,417491,410247,1072531,552563,519968,1201034,631258,569776,1310679,702316,608363
poles_abroad,Denmark*,208,Poland,616,11,B R,8802,3344,5458,9892,3537,6355,10601,3654,6947,12066,4389,7677,26345,13005,13340,36175,18760,17415,41988,22129,19859,49767,26324,23443
poles_abroad,Estonia,233,Poland,616,,B,236,92,144,366,144,222,496,196,300,550,240,310,599,281,318,790,416,374,744,386,358,758,393,365
poles_abroad,Faroe Islands*,234,Poland,616,12,B,23,9,14,20,12,8,49,29,20,69,50,19,75,52,23,72,52,20,129,103,26,153,122,31
poles_abroad,Finland*,246,Poland,616,,B,1027,473,554,1007,477,530,987,481,506,1926,989,937,2602,1359,1243,3983,2188,1795,5018,2781,2237,5907,3274,2633
poles_abroad,Iceland,352,Poland,616,,B,265,113,152,878,389,489,1491,665,826,5895,3259,2636,10091,5737,4354,10967,5839,5128,21102,12718,8384,31868,19207,12661
poles_abroad,Ireland,372,Poland,616,,B R,489,290,199,732,434,298,2034,1206,828,40888,26143,14745,107993,57927,50066,115223,58250,56973,108755,53946,54809,102708,50232,52476
poles_abroad,Latvia,428,Poland,616,,B,30550,11857,18693,16038,6218,9820,1526,579,947,1397,586,811,1233,566,667,832,372,460,767,342,425,706,315,391
poles_abroad,Lithuania,440,Poland,616,,B,4372,1855,2517,4890,2086,2804,3830,1630,2200,3467,1491,1976,2633,1048,1585,2167,848,1319,1900,846,1054,2002,891,1111
poles_abroad,Norway*,578,Poland,616,,B,4367,1982,2385,5157,1919,3238,5738,1975,3763,8224,3357,4867,49005,32174,16831,90350,58750,31600,100479,63466,37013,111728,70571,41157
poles_abroad,Sweden,752,Poland,616,,B R,35078,10103,24975,39056,12370,26686,40019,13772,26247,44907,15938,28969,68952,29353,39599,83640,37438,46202,93744,44363,49381,102889,51984,50905
poles_abroad,United Kingdom*,826,Poland,616,14,B R,74813,43296,31517,67979,36102,31877,61534,29400,32134,165337,79592,85745,558210,275989,282221,728332,369650,358682,826408,430178,396230,902193,479003,423190
poles_abroad,Southern Europe,925,Poland,616,,,44779,16087,28692,47962,16949,31013,60200,20813,39387,119698,43519,76179,189987,67147,122840,184511,57338,127173,171700,50044,121656,165415,47635,117780
poles_abroad,Croatia,191,Poland,616,,B,655,114,541,660,111,549,595,103,492,664,126,538,732,148,584,737,148,589,691,140,551,658,133,525
poles_abroad,Greece,300,Poland,616,,B,29946,12030,17916,22454,9400,13054,15330,6687,8643,15669,6230,9439,16587,5957,10630,15630,5213,10417,15975,6026,9949,16970,6401,10569
poles_abroad,Italy,380,Poland,616,,B R,11101,2668,8433,18500,4555,13945,29927,7379,22548,59703,14903,44800,97281,23198,74083,107229,24876,82353,101568,22788,78780,92115,19652,72463
poles_abroad,Malta,470,Poland,616,,B,20,7,13,24,9,15,61,23,38,97,36,61,203,69,134,344,132,212,749,325,424,1302,565,737
poles_abroad,Montenegro,499,Poland,616,,B,95,70,25,95,70,25,95,70,25,95,70,25,94,68,26,98,71,27,97,72,25,96,71,25
poles_abroad,North Macedonia,807,Poland,616,,B,101,42,59,94,39,55,88,37,51,90,38,52,93,39,54,100,42,58,99,42,57,99,42,57
poles_abroad,Portugal,620,Poland,616,,B,104,50,54,224,106,118,355,168,187,661,226,435,859,248,611,974,246,728,1116,308,808,1255,346,909
poles_abroad,San Marino,674,Poland,616,,C,18,2,16,19,2,17,22,2,20,23,3,20,25,3,22,31,3,28,32,2,30,34,2,32
poles_abroad,Serbia*,688,Poland,616,,B R,794,82,712,744,74,670,728,80,648,716,92,624,686,100,586,657,108,549,629,114,515,783,209,574
poles_abroad,Slovenia,705,Poland,616,,B,62,31,31,133,37,96,254,60,194,244,63,181,380,131,249,413,155,258,399,113,286,452,128,324
poles_abroad,Spain*,724,Poland,616,,B R,1883,991,892,5015,2546,2469,12745,6204,6541,41736,21732,20004,73047,37186,35861,58298,26344,31954,50345,20114,30231,51651,20086,31565
poles_abroad,Western Europe,926,Poland,616,,,1198465,514347,684118,1302648,558535,744113,1404460,603564,800896,1529368,659502,869866,1817395,791568,1025827,2113784,944368,1169416,2249704,1042258,1207446,2397087,1117408,1279679
poles_abroad,Austria,40,Poland,616,,B R,23062,9668,13394,30615,13196,17419,40217,18000,22217,50013,23140,26873,58650,27009,31641,71159,33872,37287,76451,37109,39342,79557,39109,40448
poles_abroad,Belgium,56,Poland,616,,B R,19672,7507,12165,19152,6689,12463,18632,6227,12405,26931,9955,16976,54771,23396,31375,74634,32480,42154,77386,33295,44091,79624,33948,45676
poles_abroad,France*,250,Poland,616,16,B R,135534,50389,85145,118379,42098,76281,105594,36983,68611,101355,36265,65090,102516,38496,64020,99892,38485,61407,90100,34040,56060,84406,29825,54581
poles_abroad,Germany,276,Poland,616,,B R,989687,435109,554578,1100461,483810,616651,1201741,528338,673403,1299499,571315,728184,1513519,665407,848112,1718230,771621,946609,1797038,839225,957813,1883559,883868,999691
poles_abroad,Liechtenstein,438,Poland,616,,B,11,11,,13,13,,15,15,,30,12,18,47,10,37,60,13,47,76,23,53,81,25,56
poles_abroad,Luxembourg,442,Poland,616,,B,722,309,413,642,261,381,570,217,353,1310,498,812,2065,784,1281,3150,1226,1924,5051,2112,2939,5835,2440,3395
poles_abroad,Netherlands*,528,Poland,616,17,B R,10219,3062,7157,13221,3830,9391,16763,4785,11978,27403,8942,18461,62077,26699,35378,113415,51855,61560,159749,76099,83650,210981,102828,108153
poles_abroad,Switzerland,756,Poland,616,,B R,19558,8292,11266,20165,8638,11527,20928,8999,11929,22827,9375,13452,23750,9767,13983,33244,14816,18428,43853,20355,23498,53044,25365,27679
poles_abroad,LATIN AMERICA AND THE CARIBBEAN,904,Poland,616,,,52445,24988,27457,38216,16934,21282,28393,11983,16410,20760,8633,12127,15222,6363,8859,10370,4317,6053,7843,3282,4561,8828,3566,5262
poles_abroad,Caribbean,915,Poland,616,,,734,169,565,735,141,594,744,118,626,426,84,342,120,53,67,103,51,52,83,45,38,84,46,38
poles_abroad,Bahamas,44,Poland,616,,B R,12,6,6,10,3,7,9,2,7,14,4,10,18,6,12,20,7,13,20,8,12,21,8,13
poles_abroad,Cuba,192,Poland,616,,B,211,76,135,160,53,107,115,33,82,69,19,50,40,10,30,21,5,16,11,2,9,8,1,7
poles_abroad,Dominican Republic,214,Poland,616,,B R,475,70,405,528,67,461,580,64,516,312,46,266,43,28,15,44,30,14,45,31,14,49,34,15
poles_abroad,Puerto Rico*,630,Poland,616,27,B,36,17,19,37,18,19,40,19,21,31,15,16,19,9,10,18,9,9,7,4,3,6,3,3
poles_abroad,Central America,916,Poland,616,,,1773,825,948,1457,660,797,1288,564,724,1169,493,676,1322,559,763,1368,595,773,1486,694,792,1705,832,873
poles_abroad,Costa Rica,188,Poland,616,,B R,329,160,169,224,106,118,231,101,130,152,65,87,299,129,170,302,130,172,361,166,195,436,200,236
poles_abroad,Mexico,484,Poland,616,,B R,1377,620,757,1162,506,656,977,409,568,905,356,549,855,324,531,870,340,530,890,374,516,910,397,513
poles_abroad,Panama,591,Poland,616,,B R,67,45,22,71,48,23,80,54,26,112,72,40,168,106,62,196,125,71,235,154,81,359,235,124
poles_abroad,South America,931,Poland,616,,,49938,23994,25944,36024,16133,19891,26361,11301,15060,19165,8056,11109,13780,5751,8029,8899,3671,5228,6274,2543,3731,7039,2688,4351
poles_abroad,Argentina,32,Poland,616,,B R,30053,14746,15307,21194,9431,11763,15026,6240,8786,10076,3885,6191,6547,2330,4217,3562,1162,2400,1941,559,1382,1870,489,1381
poles_abroad,Bolivia (Plurinational State of),68,Poland,616,,B R,193,108,85,182,97,85,170,85,85,179,90,89,187,94,93,219,110,109,243,124,119,271,138,133
poles_abroad,Brazil,76,Poland,616,,B R,13329,6175,7154,9722,4322,5400,7266,3139,4127,5126,2310,2816,3349,1618,1731,1323,675,648,24,16,8,28,21,7
poles_abroad,Chile,152,Poland,616,,B R,472,233,239,447,212,235,436,195,241,427,180,247,398,158,240,411,153,258,404,140,264,599,67,532
poles_abroad,Colombia,170,Poland,616,,B R,234,107,127,263,125,138,233,115,118,206,103,103,207,102,105,211,100,111,214,97,117,217,96,121
poles_abroad,Paraguay,600,Poland,616,,B R,696,352,344,842,440,402,986,524,462,939,499,440,894,474,420,872,462,410,943,502,441,1006,536,470
poles_abroad,Peru,604,Poland,616,,B R,91,53,38,116,65,51,147,79,68,173,89,84,198,97,101,224,105,119,257,114,143,437,186,251
poles_abroad,Uruguay,858,Poland,616,,B R,4067,1867,2200,2465,1092,1373,1318,581,737,1220,538,682,1130,493,637,1166,508,658,1390,625,765,1792,806,986
poles_abroad,Venezuela (Bolivarian Republic of),862,Poland,616,,B R,803,353,450,793,349,444,779,343,436,819,362,457,870,385,485,911,396,515,858,366,492,819,349,470
poles_abroad,NORTHERN AMERICA,905,Poland,616,,,594276,276051,318225,747978,344391,403587,642441,293207,349234,627629,290669,336960,626792,281352,345440,590682,261992,328690,558782,248035,310747,520535,229842,290693
poles_abroad,Bermuda*,60,Poland,616,33,B,25,14,11,27,10,17,24,5,19,28,9,19,31,13,18,36,18,18,39,15,24,40,15,25
poles_abroad,Canada,124,Poland,616,,B,184063,91312,92751,192650,93211,99439,182439,85990,96449,171592,79581,92011,156702,70992,85710,150280,68265,82015,137366,61970,75396,123819,54223,69596
poles_abroad,Greenland*,304,Poland,616,34,B,8,2,6,2,2,,7,2,5,5,3,2,27,25,2,31,23,8,29,22,7,29,22,7
poles_abroad,United States of America*,840,Poland,616,36,B,410180,184723,225457,555299,251168,304131,459971,207210,252761,456004,211076,244928,470032,210322,259710,440335,193686,246649,421348,186028,235320,396647,175582,221065
poles_abroad,OCEANIA,909,Poland,616,,,69806,35901,33905,73773,36410,37363,68826,32774,36052,65298,30024,35274,60865,26924,33941,56686,24533,32153,53286,22718,30568,48456,19736,28720
poles_abroad,Australia/New Zealand,927,Poland,616,,B R,69806,35901,33905,73773,36410,37363,68826,32774,36052,65298,30024,35274,60865,26924,33941,56686,24533,32153,53286,22718,30568,48456,19736,28720
poles_abroad,Australia*,36,Poland,616,,B R,67785,34868,32917,71775,35431,36344,66880,31859,35021,63306,29141,34165,58900,26108,32792,54501,23666,30835,50819,21748,29071,45945,18749,27196
poles_abroad,New Zealand*,554,Poland,616,37,B R,2021,1033,988,1998,979,1019,1946,915,1031,1992,883,1109,1965,816,1149,2185,867,1318,2467,970,1497,2511,987,1524